{
  "images" : [
    {
      "resizing" : {
        "mode" : "9-part",
        "center" : {
          "mode" : "tile",
          "width" : 1,
          "height" : 1
        },
        "cap-insets" : {
          "bottom" : 9,
          "top" : 8,
          "right" : 13,
          "left" : 13
        }
      },
      "idiom" : "universal",
      "filename" : "Shadow.png",
      "scale" : "1x"
    },
    {
      "resizing" : {
        "mode" : "9-part",
        "center" : {
          "mode" : "tile",
          "width" : 1,
          "height" : 1
        },
        "cap-insets" : {
          "bottom" : 18,
          "top" : 17,
          "right" : 27,
          "left" : 27
        }
      },
      "idiom" : "universal",
      "filename" : "Shadow@2x.png",
      "scale" : "2x"
    },
    {
      "resizing" : {
        "mode" : "9-part",
        "center" : {
          "mode" : "tile",
          "width" : 1,
          "height" : 1
        },
        "cap-insets" : {
          "bottom" : 27,
          "top" : 26,
          "right" : 35,
          "left" : 35
        }
      },
      "idiom" : "universal",
      "filename" : "Shadow@3x.png",
      "scale" : "3x"
    }
  ],
  "info" : {
    "version" : 1,
    "author" : "xcode"
  }
}